Workbook

Sheet annual_revenue
A1: year | B1: total_revenue
A2: 1992 | B2: 3.0848238e+08
A3: 1993 | B3: 3.1654494e+08
A4: 1994 | B4: 3.1627091e+08
A5: 1995 | B5: 3.0391049e+08
A6: 1996 | B6: 3.1192836e+08
A7: 1997 | B7: 3.0799264e+08
A8: 1998 | B8: 1.8000523e+08
B17: YoY Growth %
B18: =(B3-B2)/B2 -> 0.02613621
B19: =(B4-B3)/B3 -> -0.00086566623
B20: =(B5-B4)/B4 -> -0.039081745
B21: =(B6-B5)/B5 -> 0.026382319
B22: =(B7-B6)/B6 -> -0.012617379
B23: =(B8-B7)/B7 -> -0.41555348

Sheet shipmode_analysis
A1: ship_mode | B1: shipment_count | C1: total_revenue
A2: TRUCK | B2: 8710 | C2: 2.9759697e+08
A3: MAIL | B3: 8669 | C3: 2.9505735e+08
A4: FOB | B4: 8641 | C4: 2.9223164e+08
A5: REG AIR | B5: 8616 | C5: 2.9150853e+08
A6: RAIL | B6: 8566 | C6: 2.8993577e+08
A7: AIR | B7: 8491 | C7: 2.8811913e+08
A8: SHIP | B8: 8482 | C8: 2.9068556e+08

Sheet Shipment Optimization
A1: ship_mode | B1: shipment_count | C1: total_revenue | D1: delay_impact | E1: revenue_per_shipment | F1: risk_adjusted_revenue | G1: optimization_score | H1: rank
A2: REG AIR | B2: =_xlfn.XLOOKUP(A2, shipmode_analysis[ship_mode], shipmode_analysis[shipment_count]) -> 8616 | C2: =_xlfn.XLOOKUP(A2, shipmode_analysis[ship_mode], shipmode_analysis[total_revenue]) -> 2.9150853e+08 | D2: =_xlfn.XLOOKUP(A2,delivery_delay_analysis[ship_mode],delivery_delay_analysis[impact]) -> 0.062902094 | E2: =C2 / B2 -> 33833.394 | F2: =C2 * (1 - D2) -> 2.7317203e+08 | G2: =(C2*0.5) + (F2*0.3) + (E2*0.2) -> 2.2771264e+08 | H2: =RANK(G2, $G$2:$G$8) -> 1
A3: TRUCK | B3: =_xlfn.XLOOKUP(A3, shipmode_analysis[ship_mode], shipmode_analysis[shipment_count]) -> 8710 | C3: =_xlfn.XLOOKUP(A3, shipmode_analysis[ship_mode], shipmode_analysis[total_revenue]) -> 2.9759697e+08 | D3: =_xlfn.XLOOKUP(A3,delivery_delay_analysis[ship_mode],delivery_delay_analysis[impact]) -> 0.16914193 | E3: =C3 / B3 -> 34167.276 | F3: =C3 * (1 - D3) -> 2.4726085e+08 | G3: =(C3*0.5) + (F3*0.3) + (E3*0.2) -> 2.2298357e+08 | H3: =RANK(G3, $G$2:$G$8) -> 2
A4: RAIL | B4: =_xlfn.XLOOKUP(A4, shipmode_analysis[ship_mode], shipmode_analysis[shipment_count]) -> 8566 | C4: =_xlfn.XLOOKUP(A4, shipmode_analysis[ship_mode], shipmode_analysis[total_revenue]) -> 2.8993577e+08 | D4: =_xlfn.XLOOKUP(A4,delivery_delay_analysis[ship_mode],delivery_delay_analysis[impact]) -> 0.1033853 | E4: =C4 / B4 -> 33847.276 | F4: =C4 * (1 - D4) -> 2.5996067e+08 | G4: =(C4*0.5) + (F4*0.3) + (E4*0.2) -> 2.2296286e+08 | H4: =RANK(G4, $G$2:$G$8) -> 3
A5: SHIP | B5: =_xlfn.XLOOKUP(A5, shipmode_analysis[ship_mode], shipmode_analysis[shipment_count]) -> 8482 | C5: =_xlfn.XLOOKUP(A5, shipmode_analysis[ship_mode], shipmode_analysis[total_revenue]) -> 2.9068556e+08 | D5: =_xlfn.XLOOKUP(A5,delivery_delay_analysis[ship_mode],delivery_delay_analysis[impact]) -> 0.12580419 | E5: =C5 / B5 -> 34270.875 | F5: =C5 * (1 - D5) -> 2.541161e+08 | G5: =(C5*0.5) + (F5*0.3) + (E5*0.2) -> 2.2158446e+08 | H5: =RANK(G5, $G$2:$G$8) -> 4
A6: MAIL | B6: =_xlfn.XLOOKUP(A6, shipmode_analysis[ship_mode], shipmode_analysis[shipment_count]) -> 8669 | C6: =_xlfn.XLOOKUP(A6, shipmode_analysis[ship_mode], shipmode_analysis[total_revenue]) -> 2.9505735e+08 | D6: =_xlfn.XLOOKUP(A6,delivery_delay_analysis[ship_mode],delivery_delay_analysis[impact]) -> 0.17635835 | E6: =C6 / B6 -> 34035.915 | F6: =C6 * (1 - D6) -> 2.4302152e+08 | G6: =(C6*0.5) + (F6*0.3) + (E6*0.2) -> 2.2044194e+08 | H6: =RANK(G6, $G$2:$G$8) -> 5
A7: FOB | B7: =_xlfn.XLOOKUP(A7, shipmode_analysis[ship_mode], shipmode_analysis[shipment_count]) -> 8641 | C7: =_xlfn.XLOOKUP(A7, shipmode_analysis[ship_mode], shipmode_analysis[total_revenue]) -> 2.9223164e+08 | D7: =_xlfn.XLOOKUP(A7,delivery_delay_analysis[ship_mode],delivery_delay_analysis[impact]) -> 0.1937946 | E7: =C7 / B7 -> 33819.193 | F7: =C7 * (1 - D7) -> 2.3559873e+08 | G7: =(C7*0.5) + (F7*0.3) + (E7*0.2) -> 2.168022e+08 | H7: =RANK(G7, $G$2:$G$8) -> 6
A8: AIR | B8: =_xlfn.XLOOKUP(A8, shipmode_analysis[ship_mode], shipmode_analysis[shipment_count]) -> 8491 | C8: =_xlfn.XLOOKUP(A8, shipmode_analysis[ship_mode], shipmode_analysis[total_revenue]) -> 2.8811913e+08 | D8: =_xlfn.XLOOKUP(A8,delivery_delay_analysis[ship_mode],delivery_delay_analysis[impact]) -> 0.16861355 | E8: =C8 / B8 -> 33932.296 | F8: =C8 * (1 - D8) -> 2.3953834e+08 | G8: =(C8*0.5) + (F8*0.3) + (E8*0.2) -> 2.1592785e+08 | H8: =RANK(G8, $G$2:$G$8) -> 7

Sheet delivery_delay_analysis
A1: ship_mode | B1: delayed_count | C1: avg_delay_days | D1: total_delay_days | E1: impact
A2: TRUCK | B2: 4426 | C2: 1.15 | D2: =delivery_delay_analysis[[#This Row],[delayed_count]]*delivery_delay_analysis[[#This Row],[avg_delay_days]] -> 5089.9 | E2: =delivery_delay_analysis[[#This Row],[total_delay_days]]/SUM(delivery_delay_analysis[total_delay_days]) -> 0.16914193
A3: FOB | B3: 4418 | C3: 1.32 | D3: =delivery_delay_analysis[[#This Row],[delayed_count]]*delivery_delay_analysis[[#This Row],[avg_delay_days]] -> 5831.76 | E3: =delivery_delay_analysis[[#This Row],[total_delay_days]]/SUM(delivery_delay_analysis[total_delay_days]) -> 0.1937946
A4: MAIL | B4: 4386 | C4: 1.21 | D4: =delivery_delay_analysis[[#This Row],[delayed_count]]*delivery_delay_analysis[[#This Row],[avg_delay_days]] -> 5307.06 | E4: =delivery_delay_analysis[[#This Row],[total_delay_days]]/SUM(delivery_delay_analysis[total_delay_days]) -> 0.17635835
A5: RAIL | B5: 4321 | C5: 0.72 | D5: =delivery_delay_analysis[[#This Row],[delayed_count]]*delivery_delay_analysis[[#This Row],[avg_delay_days]] -> 3111.12 | E5: =delivery_delay_analysis[[#This Row],[total_delay_days]]/SUM(delivery_delay_analysis[total_delay_days]) -> 0.1033853
A6: SHIP | B6: 4302 | C6: 0.88 | D6: =delivery_delay_analysis[[#This Row],[delayed_count]]*delivery_delay_analysis[[#This Row],[avg_delay_days]] -> 3785.76 | E6: =delivery_delay_analysis[[#This Row],[total_delay_days]]/SUM(delivery_delay_analysis[total_delay_days]) -> 0.12580419
A7: REG AIR | B7: 4302 | C7: 0.44 | D7: =delivery_delay_analysis[[#This Row],[delayed_count]]*delivery_delay_analysis[[#This Row],[avg_delay_days]] -> 1892.88 | E7: =delivery_delay_analysis[[#This Row],[total_delay_days]]/SUM(delivery_delay_analysis[total_delay_days]) -> 0.062902094
A8: AIR | B8: 4300 | C8: 1.18 | D8: =delivery_delay_analysis[[#This Row],[delayed_count]]*delivery_delay_analysis[[#This Row],[avg_delay_days]] -> 5074 | E8: =delivery_delay_analysis[[#This Row],[total_delay_days]]/SUM(delivery_delay_analysis[total_delay_days]) -> 0.16861355
C12: =AVERAGE(delivery_delay_analysis[avg_delay_days]) -> 0.98571429

Sheet top_customers
A1: C_CUSTKEY | B1: C_NAME | C1: total_spent
A2: 1489 | B2: Customer#000001489 | C2: 5203674
A3: 214 | B3: Customer#000000214 | C3: 4503703.9
A4: 73 | B4: Customer#000000073 | C4: 4466381
A5: 1246 | B5: Customer#000001246 | C5: 4465335.6
A6: 1396 | B6: Customer#000001396 | C6: 4455381.8
A7: 643 | B7: Customer#000000643 | C7: 4363442.7
A8: 1318 | B8: Customer#000001318 | C8: 4342036.8
A9: 1150 | B9: Customer#000001150 | C9: 4331675.6
A10: 898 | B10: Customer#000000898 | C10: 4305984.9
A11: 943 | B11: Customer#000000943 | C11: 4278887.7

Sheet top_suppliers
A1: region | B1: supplier | C1: revenue | D1: rank | E1: Revenue % by Region
A2: AFRICA | B2: Supplier#000000028 | C2: 21853170 | D2: 1 | E2: =C2/top_suppliers[[#Totals],[revenue]] -> 0.19751363
A3: AMERICA | B3: Supplier#000000084 | C3: 21724380 | D3: 1 | E3: =C3/top_suppliers[[#Totals],[revenue]] -> 0.1963496
A4: ASIA | B4: Supplier#000000075 | C4: 22318241 | D4: 1 | E4: =C4/top_suppliers[[#Totals],[revenue]] -> 0.20171704
A5: EUROPE | B5: Supplier#000000090 | C5: 22948402 | D5: 1 | E5: =C5/top_suppliers[[#Totals],[revenue]] -> 0.20741257
A6: MIDDLE EAST | B6: Supplier#000000038 | C6: 21797133 | D6: 1 | E6: =C6/top_suppliers[[#Totals],[revenue]] -> 0.19700716
C7: =SUM(top_suppliers[revenue]) -> 1.1064133e+08

Sheet Dashboard
A4: TOTAL REVENUE | D4: GROWTH RATE % | G4: AVERAGE SHIPMENT DELAY IN DAYS | P4: REVENUE CONTRIBUTION PER REGION
A5: =SUM(annual_revenue[total_revenue]) -> 2.0451349e+09 | D5: Year | E5: Growth % | G5: =AVERAGE(delivery_delay_analysis[avg_delay_days]) -> 0.98571429 | Q5: Region | R5: Average of Revenue % by Region
D6: 92-93 | E6: =annual_revenue!B18 -> 0.02613621 | Q6: AFRICA | R6: 0.19751363
A7: Year | B7: Sum of total_revenue | D7: 93-94 | E7: =annual_revenue!B19 -> -0.00086566623 | G7: ship_mode | H7: total delay impact | I7: revenue per shipment | J7: risk adjusted revenue | K7: optimization_score | L7: rank by operational efficiency | Q7: AMERICA | R7: 0.1963496
A8: 1992 | B8: 3.0848238e+08 | D8: 94-95 | E8: =annual_revenue!B20 -> -0.039081745 | G8: REG AIR | H8: ='Shipment Optimization'!D2 -> 0.062902094 | I8: ='Shipment Optimization'!E2 -> 33833.394 | J8: ='Shipment Optimization'!F2 -> 2.7317203e+08 | L8: ='Shipment Optimization'!H2 -> 1 | Q8: ASIA | R8: 0.20171704
A9: 1993 | B9: 3.1654494e+08 | D9: 95-96 | E9: =annual_revenue!B21 -> 0.026382319 | G9: TRUCK | H9: ='Shipment Optimization'!D3 -> 0.16914193 | I9: ='Shipment Optimization'!E3 -> 34167.276 | J9: ='Shipment Optimization'!F3 -> 2.4726085e+08 | L9: ='Shipment Optimization'!H3 -> 2 | Q9: EUROPE | R9: 0.20741257
A10: 1994 | B10: 3.1627091e+08 | D10: 96-97 | E10: =annual_revenue!B22 -> -0.012617379 | G10: RAIL | H10: ='Shipment Optimization'!D4 -> 0.1033853 | I10: ='Shipment Optimization'!E4 -> 33847.276 | J10: ='Shipment Optimization'!F4 -> 2.5996067e+08 | L10: ='Shipment Optimization'!H4 -> 3 | Q10: MIDDLE EAST | R10: 0.19700716
A11: 1995 | B11: 3.0391049e+08 | D11: 97-98 | E11: =annual_revenue!B23 -> -0.41555348 | G11: SHIP | H11: ='Shipment Optimization'!D5 -> 0.12580419 | I11: ='Shipment Optimization'!E5 -> 34270.875 | J11: ='Shipment Optimization'!F5 -> 2.541161e+08 | L11: ='Shipment Optimization'!H5 -> 4 | Q11: Average | R11: 0.2
A12: 1996 | B12: 3.1192836e+08 | G12: MAIL | H12: ='Shipment Optimization'!D6 -> 0.17635835 | I12: ='Shipment Optimization'!E6 -> 34035.915 | J12: ='Shipment Optimization'!F6 -> 2.4302152e+08 | L12: ='Shipment Optimization'!H6 -> 5 | Q12: Max | R12: =_xlfn.XLOOKUP(MAX(R6:R10),R6:R10,Q6:Q10) -> EUROPE
A13: 1997 | B13: 3.0799264e+08 | D13: EXPECTED REVENUE | G13: FOB | H13: ='Shipment Optimization'!D7 -> 0.1937946 | I13: ='Shipment Optimization'!E7 -> 33819.193 | J13: ='Shipment Optimization'!F7 -> 2.3559873e+08 | L13: ='Shipment Optimization'!H7 -> 6 | Q13: Min | R13: =_xlfn.XLOOKUP(MIN(R6:R10),R6:R10,Q6:Q10) -> AMERICA
A14: 1998 | B14: 1.8000523e+08 | D14: 310000000 | G14: AIR | H14: ='Shipment Optimization'!D8 -> 0.16861355 | I14: ='Shipment Optimization'!E8 -> 33932.296 | J14: ='Shipment Optimization'!F8 -> 2.3953834e+08 | L14: ='Shipment Optimization'!H8 -> 7
A15: Grand Total | B15: 2.0451349e+09 | G15: STDEV | H15: =STDEV(H8:H14) -> 0.047104276
D16: Year | E16: Expected Revenue? | G16: MEAN | H16: =SUM(H8:H14) / COUNT(H8:H14) -> 0.14285714
D17: 1992 | E17: =IF(annual_revenue!B2 > Dashboard!$D$14, "YES", "NO") -> NO | G17: COEFFICIENT OF VARIABILITY | H17: =H15/H16 -> 0.32972993
D18: 1993 | E18: =IF(annual_revenue!B3 > Dashboard!$D$14, "YES", "NO") -> YES
D19: 1994 | E19: =IF(annual_revenue!B4 > Dashboard!$D$14, "YES", "NO") -> YES
D20: 1995 | E20: =IF(annual_revenue!B5 > Dashboard!$D$14, "YES", "NO") -> NO
D21: 1996 | E21: =IF(annual_revenue!B6 > Dashboard!$D$14, "YES", "NO") -> YES
D22: 1997 | E22: =IF(annual_revenue!B7 > Dashboard!$D$14, "YES", "NO") -> NO
D23: 1998 | E23: =IF(annual_revenue!B8 > Dashboard!$D$14, "YES", "NO") -> NO
G33: Delay impact averages 14.29% with 33% variability, indicating uneven operational risk across shipping modes.
G34: Revenue per shipment is tightly clustered (~33.8K–34.3K), showing minimal pricing differentiation.
G35: Higher delay exposure does not generate higher revenue, weakening the risk-return tradeoff in certain channels.
G36: REG AIR demonstrates the strongest risk-adjusted performance with the lowest delay impact (6.29%).
G37: FOB shows the weakest profile, combining the highest delay exposure (19.38%) with no revenue premium.
G38: Performance variability is driven by operational inefficiency rather than revenue strategy.
